"ai_related","n","mean_rating"
FALSE,3852,4.21053997923156
TRUE,60,2.31666666666667
