"theme_label","negative","positive","leans"
"Anthropomorphism",0.22575976845152,0.143298332303891,"negative"
"Pricing & fees",0.162083936324168,0.237183446571958,"positive"
"Accuracy & quality",0.139652677279305,0.083384805435454,"negative"
"Support & resolution",0.381331403762663,0.329215565163681,"negative"
"Automation vs. human",0.640376266280753,0.596046942557134,"negative"
"Trust & safety",0.0911722141823444,0.105003088326127,"positive"
