"platform_category","n","pct_positive"
"ai_service",1349,0.643439584877687
"customer_service",425,0.614117647058824
"rental",1425,0.621754385964912
