"platform_category","n","pct_positive"
"ai_service",1279,0.578577013291634
"customer_service",401,0.56359102244389
"rental",1321,0.494322482967449
